Query,Response,Time
what is mcs server?,"An MCS server refers to a component within the Model Context Protocol (MCP) architecture. MCP is a standardized interface and framework that allows AI models to interact seamlessly with external tools, resources, and environments. In the MCP architecture, the server side is responsible for implementing the MCP protocol so that external tools or capabilities can communicate with AI applications through a unified interface. The MCP server enables each tool to connect once using the MCP standard, eliminating the need for multiple custom integrations and simplifying the process of connecting various AI applications to different tools [1].

_______Disclaimer____________
AI will rule us all.
_______________________________

[1]: https://crm156960.sharepoint.com/Shared%20Documents/Additional%20Files/document-mcp.pdf ""document-mcp.pdf""",11.74336609999591
explain llm in details?,"Large Language Models (LLMs) are advanced AI systems designed to understand, generate, and interact using human language. They are trained on vast datasets and can perform complex tasks such as answering questions, summarizing text, translating languages, and more.

**Knowledge and Reasoning**
LLMs possess impressive knowledge and reasoning skills, allowing them to tackle a wide range of tasks. However, their knowledge is limited to the data they were trained on. For real-time information or tasks beyond their training, LLMs need to interact with external tools and resources [1].

**Integration with External Tools**
To overcome the limitation of static knowledge, LLMs can use standardized interfaces like the Model Context Protocol (MCP). MCP enables LLMs to seamlessly connect with external tools, resources, and environments, acting as a universal connector. This is similar to how USB-C standardizes connections between electronic devices [1].

**Architecture and Scalability**
Without a standard like MCP, integrating LLMs with various tools required custom solutions for each pairing, leading to complexity and scalability issues. MCP simplifies this by allowing each AI application and tool to implement the protocol once, enabling easy and scalable integration [1].

**Practical Example**
Imagine an LLM that only knows English. To interact with tools or data in other languages, it would need translators for each language. MCP acts as this universal translator, allowing the LLM to communicate with any tool or resource through a single interface [1].

**Summary**
LLMs are powerful AI models for language tasks, but their capabilities are enhanced when integrated with external tools via protocols like MCP. This integration allows them to access real-time data and perform more complex actions efficiently [1].

_______Disclaimer____________
AI will rule us all.
_______________________________

[1]: https://crm156960.sharepoint.com/Shared%20Documents/Additional%20Files/document-mcp.pdf ""document-mcp.pdf""",11.837172199986526
what is full form of mcs?,"The search did not return any specific information about the full form of ""MCS."" However, it did provide information about ""MCP,"" which stands for Model Context Protocol. Unfortunately, I couldn't find the full form of ""MCS"" in the provided documents.

_______Disclaimer____________
AI will rule us all.
_______________________________",7.166393999999855
What is the Model Context Protocol (MCP)?,"The Model Context Protocol (MCP) is a standardized interface and framework designed to enable AI models to interact seamlessly with external tools, resources, and environments. It acts as a universal connector, similar to how USB-C standardizes connections between electronic devices.

**Purpose:** MCP was created to solve the integration complexity between multiple AI applications and external tools. Previously, each AI application required custom code to connect to each tool, resulting in a large number of unique integrations. MCP introduces a standard interface, reducing the need for custom integrations and allowing all components to communicate through a single protocol.

**Functionality:** With MCP, each AI application implements the MCP client side once, and each tool implements the MCP server side once. This approach streamlines the process, making it scalable and efficient for developers and tool providers.

**Analogy:** MCP is like a translator that allows agents (AI models) to communicate with various tools or capabilities through a single interface, regardless of the language or protocol each tool uses [1].

_______Disclaimer____________
AI will rule us all.
_______________________________

[1]: https://crm156960.sharepoint.com/Shared%20Documents/Additional%20Files/document-mcp.pdf ""document-mcp.pdf""",9.306781599996611
How does MCP act as a universal connector?,"The Model Context Protocol (MCP) acts as a universal connector by providing a standardized interface and framework that allows AI models to interact seamlessly with external tools, resources, and environments. Here are the key points on how MCP functions as a universal connector:

1. **Standardized Interface:** MCP offers a standardized interface that simplifies the integration process between AI models and external tools. This means that each AI application and tool only needs to implement the MCP interface once.

2. **Universal Translator Analogy:** MCP works like a translator, enabling AI agents to communicate with various tools and capabilities through a single interface, regardless of the specific protocols or languages used by those tools.

3. **Simplifies Integration:** Before MCP, integrating multiple AI applications with multiple tools required creating numerous custom integration modules, leading to complexity and inefficiency. MCP reduces this complexity by acting as a universal connector.

4. **Reduces Integration Overhead:** Instead of needing M × N custom integrations (where M is the number of AI applications and N is the number of tools), MCP reduces this to M + N implementations. This means new tools or AI models can be added without additional custom code, as they all communicate through MCP.

5. **Analogy to USB-C:** MCP is compared to USB-C, which standardizes connections between electronic devices, making it easier for different devices to connect without compatibility issues.

This approach streamlines the process of connecting AI systems to external capabilities, making integrations more scalable and manageable [1].

_______Disclaimer____________
AI will rule us all.
_______________________________

[1]: https://crm156960.sharepoint.com/Shared%20Documents/Additional%20Files/document-mcp.pdf ""document-mcp.pdf""",12.92601269998704
What are the key components of MCP architecture?,"The key components of the Model Context Protocol (MCP) architecture are:

1. **Host:** Acts as one of the main architectural elements, facilitating the environment where MCP operates.
2. **Client:** Represents the AI applications that implement the MCP client side, allowing them to interact with external tools and resources through the standardized MCP interface.
3. **Server:** Refers to the external tools or capabilities that implement the MCP server side, enabling seamless communication with AI models via MCP.

These components work together to create a universal connector for AI systems, allowing them to interact with various tools and resources efficiently, similar to how USB-C standardizes connections between electronic devices. This architecture eliminates the need for multiple custom integrations, streamlining the process and making it scalable [1].

_______Disclaimer____________
AI will rule us all.
_______________________________

[1]: https://crm156960.sharepoint.com/Shared%20Documents/Additional%20Files/document-mcp.pdf ""document-mcp.pdf""",12.070751699997345
What is the role of the Host in MCP architecture?,"The role of the Host in the Model Context Protocol (MCP) architecture is to facilitate the interaction between AI models and external tools, resources, and environments. The Host is one of the core components that manage and coordinate these interactions, ensuring that AI models can access and utilize external resources seamlessly. By implementing the MCP client side, the Host enables AI applications to connect to different tools without the need for custom integration code for each pairing, thus simplifying the overall architecture and reducing complexity [1].

_______Disclaimer____________
AI will rule us all.
_______________________________

[1]: https://crm156960.sharepoint.com/Shared%20Documents/Additional%20Files/document-mcp.pdf ""document-mcp.pdf""",8.696040599999833
What is the role of the Client in MCP architecture?,"The role of the Client in the Model Context Protocol (MCP) architecture is to enable AI applications to interact with external tools, resources, and environments through a standardized interface. Each AI application implements the MCP client side once, allowing it to communicate with any tool or capability that supports the MCP server interface. This approach eliminates the need for custom integration modules for every AI-tool pairing, simplifying the process and making it scalable. The client acts as a universal connector, ensuring that AI models can access real-time information and external functionalities seamlessly, similar to how a translator bridges language barriers or how USB-C standardizes device connections [1].

_______Disclaimer____________
AI will rule us all.
_______________________________

[1]: https://crm156960.sharepoint.com/Shared%20Documents/Additional%20Files/document-mcp.pdf ""document-mcp.pdf""",9.390844599998672
What is the role of the Server in MCP architecture?,"The role of the Server in the Model Context Protocol (MCP) architecture is to implement the MCP server side, allowing external tools, resources, or environments to interact with AI models through a standardized interface. By adopting MCP, each tool or resource only needs to implement the MCP server once, enabling seamless communication with any AI application that uses the MCP client. This eliminates the need for custom integrations for every new pairing, simplifying the process and reducing complexity. The server acts as a universal connector, ensuring that all tools and resources can ""speak the same language"" with AI models, much like how USB-C standardizes connections between electronic devices. This approach streamlines integration, making it scalable and efficient for developers and tool providers [1].

_______Disclaimer____________
AI will rule us all.
_______________________________

[1]: https://crm156960.sharepoint.com/Shared%20Documents/Additional%20Files/document-mcp.pdf ""document-mcp.pdf""",9.796645399997942
How did MCP solve the MÃ—N integration problem?,"The Model Context Protocol (MCP) solved the M×N integration problem by introducing a standardized interface that acts as a universal connector between AI models and external tools or resources. Before MCP, integrating multiple AI applications (M) with multiple tools or data sources (N) required creating a unique integration for each pair, resulting in M×N custom integrations. This approach was inefficient and led to complex, unmanageable systems.

With MCP, each AI application only needs to implement the MCP client side once, and each tool or data source only needs to implement the MCP server side once. This reduces the integration effort from M×N to M+N, as all components communicate through the same protocol, eliminating the need for custom code for each new pairing. This standardization streamlines the integration process, making it scalable and much easier to manage as new AI applications or tools are added [1].

_______Disclaimer____________
AI will rule us all.
_______________________________

[1]: https://crm156960.sharepoint.com/Shared%20Documents/Additional%20Files/document-mcp.pdf ""document-mcp.pdf""",9.893776299999445
What is the MÃ—N integration problem?,"The M×N integration problem refers to the complexity that arises when connecting multiple AI applications (M) to multiple external tools or data sources (N). Without a standardized protocol, each AI application would require a unique integration for every tool, resulting in M×N custom integrations. This leads to a tangled, inefficient system where developers must repeatedly create new modules for each pairing, causing scalability and maintenance issues. The Model Context Protocol (MCP) was created to solve this by introducing a standard interface, reducing the need for custom integrations and allowing each AI application and tool to communicate through MCP, streamlining the process [1].

_______Disclaimer____________
AI will rule us all.
_______________________________

[1]: https://crm156960.sharepoint.com/Shared%20Documents/Additional%20Files/document-mcp.pdf ""document-mcp.pdf""",10.785581100004492
How does MCP reduce integration effort from MÃ—N to M+N?,"The Model Context Protocol (MCP) reduces the integration effort from M×N to M+N by introducing a standardized interface between AI applications and external tools. Here's how it works:

1. **Traditional Integration Challenge (M×N Problem):**
   - Before MCP, integrating M different AI applications with N different tools or data sources required creating a unique integration for each pairing.
   - This resulted in M×N custom integrations, leading to complex, spaghetti-like interconnections and significant development overhead.

2. **MCP Solution (Standardized Interface):**
   - MCP introduces a standard interface between AI applications and external tools.
   - Each AI application only needs to implement the MCP client side once.
   - Each tool or data source only needs to implement the MCP server side once.
   - This reduces the total number of integrations to M+N, as every AI and tool communicates through the same protocol, eliminating the need for custom code for each new pairing.

3. **Benefits:**
   - Simplifies the integration process.
   - Enhances scalability and maintainability.
   - Avoids redundant work and reduces errors associated with multiple custom integrations.

4. **Practical Example:**
   - If you have 3 AI applications and 3 tools, you would need 9 integrations without MCP.
   - With MCP, you only need 3 client implementations and 3 server implementations, totaling 6 integrations.

_______Disclaimer____________
AI will rule us all.
_______________________________",12.154154200004996
What are the benefits of using MCP?,"The benefits of using Model Context Protocol (MCP) include:

- **Standardized Integration:** MCP provides a universal connector for AI systems to interact with external tools, resources, and environments, similar to how USB-C standardizes connections between electronic devices. This eliminates the need for custom integration code for each tool and AI application, reducing complexity and development time.
- **Scalability:** Without MCP, integrating M different AI applications with N different tools would require M × N custom integrations. MCP reduces this to M + N implementations, as each AI application only needs to implement the MCP client once, and each tool only needs to implement the MCP server once.
- **Simplified Maintenance:** By using a single interface, MCP makes it easier to add new tools or AI models without rewriting or duplicating integration logic.
- **Enhanced Flexibility:** MCP allows AI models to access real-time information and external capabilities seamlessly, overcoming the limitations of their initial training data.
- **Developer Efficiency:** Developers no longer need to reinvent the wheel for each integration, and tool providers do not have to support multiple incompatible APIs to reach different AI platforms.

These benefits collectively make MCP a powerful framework for building scalable, maintainable, and flexible AI systems that can easily interact with a wide range of external tools and resources [1].

_______Disclaimer____________
AI will rule us all.
_______________________________

[1]: https://crm156960.sharepoint.com/Shared%20Documents/Additional%20Files/document-mcp.pdf ""document-mcp.pdf""",13.311040499989758
How does MCP simplify integration between AI models and external tools?,"Model Context Protocol (MCP) simplifies integration between AI models and external tools in several ways:

- **Standardized Interface:** MCP acts as a universal connector, allowing AI models to interact with external tools, resources, and environments through a single standardized interface. This is similar to how USB-C standardizes connections between electronic devices, making integration seamless and consistent [1].

- **Reduction of Custom Integrations:** Before MCP, integrating multiple AI applications with multiple external tools required creating numerous custom modules for each pairing, leading to a complex and unmanageable M×N integration problem. MCP solves this by enabling each AI application to implement the MCP client side once and each tool to implement the MCP server side once. This reduces the number of integrations from M×N to M+N, greatly simplifying the process [1].

- **Scalability and Maintainability:** With MCP, adding new tools or models does not require reinventing integration logic. Developers and tool providers can rely on the MCP standard, which streamlines development and maintenance, and avoids the need for vendor-specific plugin frameworks or hard-coded logic [1].

_______Disclaimer____________
AI will rule us all.
_______________________________

[1]: https://crm156960.sharepoint.com/Shared%20Documents/Additional%20Files/document-mcp.pdf ""document-mcp.pdf""",10.037697599997045
Why does MCP reduce the need for custom code for each new pairing?,"MCP reduces the need for custom code for each new pairing between AI models and external tools by providing a standardized interface. This universal connector allows AI models and tools to communicate through a single protocol, eliminating the need for unique integration code for every possible pairing. Instead of developing M×N custom integrations, MCP requires only M implementations on the client (AI) side and N on the server (tool) side. This dramatically reduces the total number of integrations needed and makes the process scalable and efficient [1].

_______Disclaimer____________
AI will rule us all.
_______________________________

[1]: https://crm156960.sharepoint.com/Shared%20Documents/Additional%20Files/document-mcp.pdf ""document-mcp.pdf""",10.319141599989962
How does MCP provide a scalable architecture for expanding AI capabilities?,"MCP provides a scalable architecture for expanding AI capabilities through several key features:

- **Standardized Interface:** MCP acts as a universal connector, allowing AI models to interact with external tools, resources, and environments through a single, standardized interface. This makes integration seamless and consistent [1].

- **Reduction of Integration Complexity:** Traditionally, integrating multiple AI applications with multiple tools required creating custom integration modules for each pairing, leading to an M×N problem. MCP reduces this complexity by enabling each AI application to implement the MCP client side once and each tool to implement the MCP server side once. This reduces the integration effort from M×N to M+N [1].

- **Simplified Integration Model:** With MCP, new tools or AI models can be added without requiring custom code for each new pairing. This dramatically simplifies the process of expanding AI capabilities [1].

- **Universal Communication:** MCP enables AI models to communicate with various tools and capabilities through a single interface, eliminating the need for learning or supporting multiple, incompatible APIs. This universality supports rapid expansion and adaptability as new tools or models are introduced [1].

- **Practical Example:** If you have three AI applications and three external tools, without MCP you would need nine different integration modules. With MCP, you only need six (three clients and three servers), making it much easier to scale as you add more applications or tools [1].

_______Disclaimer____________
AI will rule us all.
_______________________________

[1]: https://crm156960.sharepoint.com/Shared%20Documents/Additional%20Files/document-mcp.pdf ""document-mcp.pdf""

[1]: https://crm156960.sharepoint.com/Shared%20Documents/Additional%20Files/document-mcp.pdf ""document-mcp.pdf""",12.711306900004274
What is the significance of MCP in AI model interactions?,"The significance of Model Context Protocol (MCP) in AI model interactions includes:

- **Standardized Interface:** MCP acts as a universal connector, allowing AI models to interact seamlessly with external tools, resources, and environments through a single standardized interface. This simplifies and makes integration more efficient [1].

- **Solves Integration Complexity:** Before MCP, integrating multiple AI applications with various tools required creating numerous custom integration modules, leading to a complex and unscalable system (the M×N integration problem). MCP reduces this complexity by enabling each AI application and tool to implement the MCP interface just once, resulting in only M+N integrations instead of M×N [1].

- **Facilitates Scalability:** By providing a common protocol, MCP allows new tools or models to be added without the need for custom code for each new pairing. This makes the system scalable and easier to maintain as the ecosystem grows [1].

- **Enhances AI Capabilities:** MCP enables AI models to access real-time information and external capabilities beyond their initial training data, thus expanding their usefulness and adaptability in dynamic environments [1].

_______Disclaimer____________
AI will rule us all.
_______________________________

[1]: https://crm156960.sharepoint.com/Shared%20Documents/Additional%20Files/document-mcp.pdf ""document-mcp.pdf""

[1]: https://crm156960.sharepoint.com/Shared%20Documents/Additional%20Files/document-mcp.pdf ""document-mcp.pdf""",11.408729500006302
How does MCP standardize connections between AI applications and tools?,"MCP standardizes connections between AI applications and tools through several mechanisms:

- **Universal Connector:** MCP acts as a universal connector, allowing AI models to interact seamlessly with external tools, resources, and environments through a single standardized interface. This is similar to how USB-C standardizes connections between electronic devices, making integration straightforward and consistent [1].

- **Reduction of Integration Complexity:** Before MCP, integrating multiple AI applications with various tools required custom code for each pairing, leading to a complex M×N integration problem. For example, three AI apps and three tools could require nine different integration modules. MCP solves this by introducing a standard interface, so each AI application implements the MCP client side once, and each tool implements the MCP server side once. This reduces the integration effort to M + N implementations, streamlining the process and eliminating the need for custom code for every new pairing [1].

- **Single Language for Communication:** MCP enables all agents (AI applications) and tools to communicate through a single ""language,"" making it easier to add new tools or models without reinventing integration logic. This standardization ensures scalability and compatibility across diverse systems [1].

_______Disclaimer____________
AI will rule us all.
_______________________________

[1]: https://crm156960.sharepoint.com/Shared%20Documents/Additional%20Files/document-mcp.pdf ""document-mcp.pdf""",10.78250850000768
What challenges did MCP address in AI model integration?,"MCP addressed several challenges in AI model integration:

- **Complexity of Integrations:** Before MCP, integrating multiple AI applications with various external tools required creating numerous custom modules for each pairing, leading to a situation known as the M×N integration problem. For example, with three AI apps and three tools, nine separate integration modules would be needed, making the process inefficient and difficult to scale [1].

- **Lack of Standardization:** Developers had to repeatedly create unique code for each tool and AI model combination, resulting in a patchwork of one-off solutions and vendor-specific plugin frameworks. This lack of a common standard made it challenging for tool providers to support different AI platforms [1].

- **Scalability Issues:** The absence of a standardized protocol meant that adding new tools or models was cumbersome, as each new addition required custom integration work, which did not scale well as the number of tools and models increased [1].

- **Solution Provided by MCP:** MCP introduced a standard interface that acts as a universal connector, allowing AI models to interact seamlessly with external tools and resources. This reduces the integration workload from M×N to M+N, as each AI application and tool only needs to implement the MCP client or server once, enabling easier and more scalable integrations [1].

_______Disclaimer____________
AI will rule us all.
_______________________________

[1]: https://crm156960.sharepoint.com/Shared%20Documents/Additional%20Files/document-mcp.pdf ""document-mcp.pdf""",10.29141449999588
How does MCP maintain a scalable architecture?,"MCP maintains a scalable architecture through several key mechanisms:

- **Standardized Interface:** MCP introduces a universal connector that allows AI models to interact with external tools, resources, and environments through a single, standardized interface. This eliminates the need for custom integration for each new tool or model, similar to how USB-C standardizes device connections.

- **Reduction of Integration Complexity:** Traditionally, integrating M AI applications with N tools required M × N custom integrations, leading to a complex and unmanageable system. MCP solves this by requiring only M + N implementations: each AI application implements the MCP client once, and each tool implements the MCP server once.

- **Plug-and-Play Capability:** With MCP, adding a new tool or AI application does not require rewriting integration code. As long as both sides adhere to the MCP standard, they can communicate seamlessly, making the system highly scalable and easy to extend.

- **Centralized Communication:** By acting as a translator or intermediary, MCP ensures that all components ""speak the same language,"" reducing the risk of incompatibility and streamlining the process of connecting new capabilities to AI systems.

This approach allows for efficient scaling as new tools or AI models are introduced, without the exponential increase in integration work that would otherwise be required [1].

_______Disclaimer____________
AI will rule us all.
_______________________________

[1]: https://crm156960.sharepoint.com/Shared%20Documents/Additional%20Files/document-mcp.pdf ""document-mcp.pdf""",13.45945870000287
What is the impact of MCP on AI model efficiency?,"The impact of Model Context Protocol (MCP) on AI model efficiency includes:

- **Standardized Integration:** MCP introduces a universal connector for AI systems to interact with external tools and resources, similar to how USB-C standardizes device connections. This eliminates the need for custom integration code for each AI-tool pairing, reducing development time and complexity [1].

- **Scalability:** Before MCP, integrating multiple AI applications with various tools required M × N custom modules, leading to inefficiency and maintenance challenges. MCP reduces this to M + N implementations, allowing easier scaling and addition of new tools or models without reinventing integration logic [1].

- **Resource Optimization:** By providing a single interface, MCP enables AI models to access real-time information and external capabilities efficiently, leveraging their reasoning skills beyond initial training data. This optimizes resource usage and enhances the model’s ability to perform complex tasks [1].

- **Developer Productivity:** MCP streamlines the process for developers, who no longer need to support multiple incompatible APIs or hard-code logic for each tool. This increases productivity and allows focus on innovation rather than repetitive integration work [1].

_______Disclaimer____________
AI will rule us all.
_______________________________

[1]: https://crm156960.sharepoint.com/Shared%20Documents/Additional%20Files/document-mcp.pdf ""document-mcp.pdf""",10.707000700000208
How does MCP enhance the maintainability of AI systems?,"MCP enhances the maintainability of AI systems through several key features:

- **Standardized Integration:** MCP introduces a standardized interface for connecting AI models to external tools, resources, and environments. This eliminates the need for custom, one-off integration code for each combination of AI application and tool, reducing complexity and maintenance overhead.

- **Reduction of Integration Complexity:** Before MCP, integrating M AI applications with N tools required M × N custom integrations, leading to a ""spaghetti"" of interconnections. MCP reduces this to M + N implementations, as each AI application and each tool only needs to implement the MCP client or server once. This streamlines updates and troubleshooting.

- **Scalability:** With MCP, adding new tools or AI models does not require rewriting existing integrations. Each new component simply implements the MCP interface, making the system more scalable and easier to maintain as it grows.

- **Consistency:** By acting as a universal connector, MCP ensures that all components communicate through a single, consistent protocol, reducing errors and inconsistencies that can arise from disparate integration methods.

These features collectively make AI systems more maintainable, as changes, updates, or expansions can be managed with minimal disruption and effort [1].

_______Disclaimer____________
AI will rule us all.
_______________________________

[1]: https://crm156960.sharepoint.com/Shared%20Documents/Additional%20Files/document-mcp.pdf ""document-mcp.pdf""",12.264957099992898
What are the advantages of implementing MCP in AI environments?,"The advantages of implementing Model Context Protocol (MCP) in AI environments include:

- **Standardized Integration:** MCP provides a universal connector for AI systems to interact with external tools, resources, and environments through a single interface, similar to how USB-C standardizes connections between electronic devices. This eliminates the need for learning multiple “languages” or interfaces for different tools [1].

- **Scalability:** Before MCP, integrating multiple AI applications with various tools required creating numerous custom modules (M × N integrations). MCP reduces this complexity to M + N implementations, where each AI application implements the MCP client once and each tool implements the MCP server once. This makes adding new tools or models much more scalable and manageable [1].

- **Reduced Development Effort:** Developers no longer need to reinvent the wheel for each new integration. MCP’s standard interface means less custom code and fewer vendor-specific plugin frameworks, streamlining the development process [1].

- **Interoperability:** MCP enables seamless communication between different AI agents and tools, allowing them to work together efficiently without compatibility issues [1].

- **Future-Proofing:** By adopting a standardized protocol, AI environments are better prepared to integrate future tools and models without significant rework, supporting ongoing innovation and expansion [1].

_______Disclaimer____________
AI will rule us all.
_______________________________

[1]: https://crm156960.sharepoint.com/Shared%20Documents/Additional%20Files/document-mcp.pdf ""document-mcp.pdf""",11.513535100006266
